crim,zn,indus,chas,nox,rm,age,dis,rad,tax,ptratio,lstat,medv
0.06129,20,3.33,1,0.4429,7.645,49.7,5.2119,5,216,14.9,3.01,46
0.05425,0,4.05,0,0.51,6.315,73.4,3.3175,5,296,16.6,6.29,24.6
2.924,0,19.58,0,0.605,6.101,93,2.2834,5,403,14.7,9.81,25
0.21977,0,6.91,0,0.448,5.602,62,6.0877,3,233,17.9,16.2,19.4
2.73397,0,19.58,0,0.871,5.597,94.9,1.5257,5,403,14.7,21.45,15.4
0.09266,34,6.09,0,0.433,6.495,18.4,5.4917,7,329,16.1,8.67,26.4
0.10084,0,10.01,0,0.547,6.715,81.6,2.6775,6,432,17.8,10.16,22.8